slug,title,meta_desc,summary,affiliate_links,html_content,last_updated 
best-toothbrush-travel,Brosse à dents de voyage,"Petite, pliable et hygiénique : comment choisir une brosse à dents de voyage.","Si vous voulez le plus simple : une brosse pliable avec capuchon ventilé. Budget 5–12€. Pour un kit premium, ajoutez un étui UV et un mini-dentifrice solide.","Amazon:https://amzn.to/4mwnZoD","<h2>Comment choisir</h2><p>Regardez le <strong>système de pliage</strong>, la <strong>ventilation</strong> du capuchon, et le <strong>poids</strong>. Pour l’hygiène, préférez des têtes remplaçables ou un étui UV.</p><h2>À éviter</h2><p>Les modèles bas de gamme fuient ou se cassent vite.</p>",2025-08-23
oreiller-voyage,Oreiller de voyage confortable,"U-shape, oreiller compact ou gonflable ? Comment éviter la nuque raide en avion ou train.","Le plus polyvalent : un oreiller en mousse à mémoire avec housse lavable. Budget 15–30 €.","Amazon:https://amzn.to/45wua63","<h2>Comment choisir</h2><p>Regardez la <strong>fermeté</strong>, la <strong>housse lavable</strong> et la <strong>compacité</strong>. La mousse mémoire = confort, le gonflable = ultra compact.</p><div class='table'><table><thead><tr><th>Type</th><th>Poids</th><th>Atout</th></tr></thead><tbody><tr><td>Mousse mémoire</td><td>250–350 g</td><td>Confort durable</td></tr><tr><td>Gonflable</td><td>70–120 g</td><td>Très compact</td></tr><tr><td>Hybrid</td><td>150–250 g</td><td>Bon compromis</td></tr></tbody></table></div>",2025-08-23
kit-toilette-voyage,Kit de toilette avion / voyage,"Quel kit choisir pour voyager léger et conforme aux règles cabine ?","Le plus simple : une trousse souple + flacons avion réutilisables. Budget 12–25 €.","Amazon:https://amzn.to/4mq5ZMw","<h2>Comment choisir</h2><p>Vérifie <strong>taille</strong> (≤ 20x15 cm), <strong>flacons ≤ 100ml</strong>, <strong>matière lavable</strong>. Les modèles souples sont légers, les rigides protègent mieux.</p><h2>À éviter</h2><p>Les kits trop bas de gamme ont des bouchons qui fuient.</p>",2025-08-23
gourde-filtrante,Gourde filtrante pour voyager partout,"Eau potable partout en voyage ou trek : pourquoi choisir une gourde avec filtre intégré.","La meilleure option : gourde filtrante avec filtre à charbon ou membrane, réutilisable. Budget 25–60 €.","Amazon:https://www.amazon.fr/s?k=gourde+filtrante;Decathlon:https://www.decathlon.fr/search?Ntt=gourde%20filtrante","<h2>Comment choisir</h2><p>Vérifie la <strong>capacité</strong> (500 ml ou 1L), la <strong>durée de vie du filtre</strong> (100–1000 L) et le <strong>poids</strong>. Les modèles avec filtre remplaçable sont plus durables.</p><div class='table'><table><thead><tr><th>Type</th><th>Poids</th><th>Atout</th></tr></thead><tbody><tr><td>Charbon actif</td><td>200–300 g</td><td>Goût amélioré</td></tr><tr><td>Membrane microfiltres</td><td>150–250 g</td><td>Bloque 99,9% bactéries</td></tr></tbody></table></div>",2025-08-23
pese-bagage-electronique,Pèse Bagage Valise Électronique Balance Portable 50Kg,"Évitez les frais de surpoids : balance électronique compacte et précise jusqu'à 50Kg.","Balance portable avec fonction tare, verrouillage du poids et pile fournie, idéale pour le voyage ou le shopping.","Amazon:https://amzn.to/4mZuuAJ","<h2>Pourquoi choisir ce pèse-bagage</h2><p>Ce pèse-bagage électronique est indispensable pour les voyageurs qui veulent éviter les frais de surpoids. Compact et robuste, il pèse jusqu’à 50 kg/110 lb et propose plusieurs unités (kg, lb, g, oz).</p><h2>Caractéristiques principales</h2><ul><li><strong>Capacité</strong> : jusqu’à 50 kg (110 lb)</li><li><strong>Fonction Tare</strong> : permet de déduire le poids d’un sac</li><li><strong>Verrouillage du poids</strong> : lecture facile même après avoir posé la valise</li><li><strong>Écran</strong> : LCD clair et rétroéclairé</li><li><strong>Énergie</strong> : pile fournie</li></ul><h2>Idéal pour</h2><p>Voyages en avion, poste ou shopping. Il se glisse facilement dans une poche ou une trousse de voyage.</p>",2025-08-31
bouchons-oreilles-voyage,Bouchons d’Oreilles FlyFit régulation de la pression en avion,"Prévenez les douleurs aux tympans en avion grâce à ces bouchons d’oreilles confortables et réutilisables.","Filtres souples qui régulent la pression de l’air, confortables et hypoallergéniques, spécialement conçus pour le voyage.","Amazon:https://amzn.to/4p1tHQU","<h2>Pourquoi utiliser des bouchons d’oreilles en avion</h2><p>Les variations de pression dans l’avion provoquent souvent douleurs ou inconfort au niveau des oreilles. Les bouchons d’oreilles FlyFit sont conçus pour réguler la pression et protéger vos tympans.</p><h2>Caractéristiques principales</h2><ul><li><strong>Régulation de la pression</strong> : filtre spécial qui équilibre l’air lors du décollage et de l’atterrissage</li><li><strong>Confort</strong> : fabriqués en matériau souple et hypoallergénique</li><li><strong>Réutilisables</strong> : nettoyage facile, étui fourni</li><li><strong>Idéal pour</strong> : avion, train, bus ou environnement bruyant</li></ul><h2>Avantages en voyage</h2><p>Ils réduisent les douleurs liées aux changements de pression, protègent les oreilles sensibles et améliorent le confort global de vos trajets.</p>",2025-08-31
masque-sommeil-voyage,Masque de Nuit Anti-Lumière pour un Sommeil Réparateur,"Dormez confortablement partout grâce à ce masque occultant doux et léger.","Masque de sommeil ergonomique qui bloque totalement la lumière, livré avec pochette de voyage.","Amazon:https://amzn.to/3UUlcJF","<h2>Pourquoi choisir un masque de nuit</h2><p>Que ce soit en avion, en train ou dans une chambre d’hôtel trop éclairée, un masque de sommeil permet de bloquer efficacement la lumière pour favoriser un repos de qualité. Celui-ci combine confort et efficacité grâce à sa conception douce et légère.</p><h2>Caractéristiques principales</h2><ul><li><strong>Blocage total de la lumière</strong> : idéal pour les voyages et les siestes</li><li><strong>Matériaux doux</strong> : agréable au contact de la peau</li><li><strong>Design ergonomique</strong> : ne gêne pas le mouvement des yeux</li><li><strong>Pochette incluse</strong> : transport facile dans ton sac ou ta valise</li></ul><h2>Avantages en voyage</h2><p>Ce masque anti-lumière améliore ton confort et t’aide à t’endormir rapidement, même dans des environnements lumineux comme les avions ou les hôtels en ville.</p>",2025-08-31
adaptateur-universel-voyage,Adaptateur Universel de Voyage 3 USB + 1 USB-C,"Chargez vos appareils partout avec cet adaptateur de voyage européen vers UK/US/AU/ASIE, avec protections intégrées.","Adaptateur universel compact pour voyager léger et sûr.","Amazon:https://amzn.to/3HIRN2k","<h2>Pourquoi cet adaptateur voyage ?</h2><p>Avec ses prises pour l’Europe, le Royaume-Uni, les États-Unis, l’Australie ou l’Asie, cet adaptateur tout-en-un vous évite d’emporter plusieurs chargeurs. Il est compact, doté de 3 ports USB-A et 1 USB-C, et intègre une double protection (fusible) pour votre sécurité.</p><h2>Fonctions clés</h2><ul><li> Multi-régions : UE / UK / US / AU / Asie (Japon, Chine, Thaïlande...)</li><li> 3 ports USB-A + 1 port USB-C</li><li> Double fusible intégré pour éviter les surcharges</li><li> Compact : se glisse dans toute poche de bagage</li></ul><h2>Conseils d’utilisation</h2><p>Ce modèle est idéal en avion, en train ou à l’étranger. Attention, ce n’est pas un convertisseur de tension—assurez-vous que vos appareils acceptent 100-240 V. Vérifiez toujours les tensions sur vos appareils avant utilisation.</p>",2025-09-05
batterie-externe-voyage,Batterie externe voyage : 10 000 mAh vs 20 000 mAh,"Quelle batterie choisir pour voyager ? Comparatif rapide entre 10 000 mAh et 20 000 mAh.","10 000 mAh = compacte ; 20 000 mAh = double autonomie. Guide rapide pour bien choisir.","Amazon 10 000 mAh:https://amzn.to/41DBcnb;Amazon 20 000 mAh:https://amzn.to/3HISqZK","<h2>Quelle capacité choisir ?</h2><ul><li><strong>10 000 mAh</strong> : format poche, plus léger. En général 1,5–2 charges de smartphone.</li><li><strong>20 000 mAh</strong> : plus lourd/épais, mais ~2× l’autonomie (2,5–4 charges selon modèle).</li></ul><h2>Critères importants</h2><ul><li><strong>USB-C PD</strong> : recharge plus rapide (15–20 W minimum pour smartphone, 30 W+ si tablette/ordinateur léger).</li><li><strong>Poids</strong> : 10 000 mAh ~ 200–230 g ; 20 000 mAh ~ 350–450 g.</li><li><strong>Avion</strong> : autorisé en cabine jusqu’à 100 Wh (~27 000 mAh en 3,7 V).</li></ul><h2>Conseil pratique</h2><p>City-trip ou voyage léger : privilégiez 10 000 mAh. Road-trip, longues journées ou plusieurs appareils : optez pour 20 000 mAh.</p>",2025-09-06
organisateur-accessoire-voyage,organisateur de voyage,"Un accessoire compact et utile pour voyager léger et serein : format nomade, solide, facile à emporter.","Petit, pratique et pensé pour le voyage : un bon rapport qualité/prix et des avis positifs.","Amazon:https://amzn.to/47qWBnl","<h2>Pourquoi cet accessoire ?</h2><p>Choisi pour sa compacité, sa solidité et son utilité réelle en déplacement. Il tient facilement dans un sac cabine et simplifie le quotidien en voyage (train, avion, city-trip).</p><h2>Points forts</h2><ul><li>Format compact et léger</li><li>Matériaux durables</li><li>Bon rapport qualité/prix</li><li>Avis utilisateurs positifs</li></ul><h2>Conseils d’usage</h2><p>Idéal pour gagner de la place et garder ses affaires organisées. Glisse-le dans la poche externe de ton bagage pour l’avoir toujours à portée de main.</p>",2025-09-06
